event_date,created_at
not_a_date,
not_a_date,
20240101,2023-12-01
20240101,2023-12-01
not_a_date,2023-12-01
01-01-2024,
2024/01/01,
2024/01/01,
2024/01/01,2023-12-01
20240101,2023-12-01
20240101,
01-01-2024,2023-12-01
2024/01/01,2023-12-01
2024/01/01,2023-12-01
not_a_date,2023-12-01
20240101,
2024/01/01,2023-12-01
,2023-12-01
01-01-2024,2023-12-01
,2023-12-01
,
01-01-2024,
,2023-12-01
2024/01/01,2023-12-01
20240101,2023-12-01
01-01-2024,2023-12-01
not_a_date,2023-12-01
,2023-12-01
01-01-2024,
2024-01-01,2023-12-01
2024-01-01,
20240101,
2024/01/01,2023-12-01
20240101,
20240101,
20240101,
20240101,
not_a_date,
not_a_date,
01-01-2024,2023-12-01
2024-01-01,
20240101,
01-01-2024,
2024-01-01,2023-12-01
,
2024/01/01,2023-12-01
not_a_date,
,2023-12-01
2024-01-01,2023-12-01
,
2024/01/01,
2024-01-01,2023-12-01
,
not_a_date,2023-12-01
not_a_date,2023-12-01
01-01-2024,2023-12-01
,2023-12-01
20240101,2023-12-01
,
2024-01-01,2023-12-01
2024-01-01,2023-12-01
,
2024/01/01,2023-12-01
not_a_date,
2024-01-01,
not_a_date,
2024-01-01,2023-12-01
01-01-2024,2023-12-01
20240101,2023-12-01
2024-01-01,
not_a_date,2023-12-01
01-01-2024,
2024-01-01,2023-12-01
2024/01/01,
20240101,2023-12-01
2024-01-01,2023-12-01
01-01-2024,2023-12-01
2024/01/01,
,
01-01-2024,2023-12-01
01-01-2024,2023-12-01
2024/01/01,
01-01-2024,
2024/01/01,
2024-01-01,2023-12-01
2024/01/01,
2024/01/01,2023-12-01
20240101,
2024/01/01,2023-12-01
2024/01/01,
,
2024-01-01,
20240101,
,
not_a_date,2023-12-01
2024-01-01,
2024-01-01,
not_a_date,
2024/01/01,2023-12-01
,
01-01-2024,2023-12-01
20240101,
01-01-2024,
not_a_date,2023-12-01
2024-01-01,
2024-01-01,2023-12-01
20240101,2023-12-01
2024-01-01,
2024-01-01,2023-12-01
20240101,
,
,2023-12-01
20240101,2023-12-01
not_a_date,2023-12-01
2024-01-01,2023-12-01
2024-01-01,
not_a_date,
,2023-12-01
2024/01/01,
2024/01/01,
2024/01/01,
,
,2023-12-01
not_a_date,2023-12-01
2024-01-01,
not_a_date,2023-12-01
not_a_date,2023-12-01
,2023-12-01
2024/01/01,
01-01-2024,
2024-01-01,
,2023-12-01
2024/01/01,
01-01-2024,
01-01-2024,2023-12-01
,
20240101,
2024-01-01,2023-12-01
01-01-2024,2023-12-01
,2023-12-01
,
2024/01/01,
20240101,
2024-01-01,2023-12-01
not_a_date,2023-12-01
2024/01/01,
01-01-2024,
01-01-2024,2023-12-01
2024/01/01,2023-12-01
,2023-12-01
